name,featured,lake,lat,lng,address,phone,website,gas,pump_out,electricity_30amp,electricity_50amp,launch_ramp,mechanic_on_site,marine_store,ice_available,bait_and_tackle,washrooms,showers,wifi,pet_friendly,boat_sales,boat_rentals,winter_storage,on_site_restaurant,price_range,description
Blue Beacon Marina,true,Lake Couchiching / Lake Simcoe (The Narrows),44.6022,-79.4047,693 Atherley Road Orillia ON L3V 1P4,705-325-2526,https://bluebeaconmarina.com,Yes,Yes,Yes,,,, Yes,Yes,,,Yes,,,,,Yes,Yes,Yes,,$$$,Full-service family-owned marina at the Narrows between Lake Simcoe and Lake Couchiching.
Bridgeport Marina,false,Lake Couchiching,44.5988,-79.4063,434 Couchiching Point Rd Orillia ON L3V 6P8,705-326-7898,https://bridgeportmarina.ca,Yes,Yes,Yes,,,,Yes,Yes,,,Yes,Yes,,,Yes,,Yes,,$$,Full-service marina on Lake Couchiching at the Atherley Narrows offering gas diesel chandlery and certified service.
Port of Orillia,false,Lake Couchiching,44.6090,-79.4198,50 Centennial Drive Orillia ON L3V 4M8,705-326-6314,https://www.orillia.ca/en/parks-and-recreation/port-of-orillia.aspx,No,No,Yes,,,No,,,,Yes,Yes,Yes,,No,No,No,,$,Transient-only municipal marina with modern floating docks and private washroom pods on the Orillia waterfront.
Mariposa Landing,false,Lake Couchiching,44.5986,-79.4065,430 Couchiching Point Road Orillia ON L3V 6P8,705-326-4660,https://mariposalanding.com,,Yes,Yes,,,Yes,,,,Yes,Yes,,,,,Yes,,,$$,A 20-acre park-like marina at the Narrows with 153 covered deep-water slips hydro and city water at every slip.
Ojibway Bay Marina,false,Lake Couchiching,44.5844,-79.3707,4150 Marina Road Rama ON L3V 6H6,705-326-5855,https://ojibwaybaymarina.ca,Yes,Yes,Yes,,,Yes,Yes,Yes,,Yes,Yes,No,No,No,,Yes,,$,Clean Marine Certified marina operated by Chippewas of Rama First Nation. On-dock Shell gas pump-out and launch ramp.
Marina del Rey,false,Lake Simcoe,44.5769,-79.3233,4130 Bayview Avenue Ramara ON L3V 0S2,705-325-3051,https://www.delreymarina.com,,Yes,Yes,,,Yes,Yes,Yes,,Yes,Yes,Yes,Yes,Yes,,Yes,,$$$,Full-service marina in McPhee Bay on Lake Simcoe with 160 slips certified technicians and a 30-ton Marine Travelift.
Starport Marina,false,Lake Simcoe,44.5884,-79.3355,3952 McRae Park Road Ramara ON L3V 0S2,705-325-3775,https://www.starportmarina.com,,Yes,,,,Yes,Yes,,,Yes,Yes,,Yes,Yes,,Yes,,$$$,Premium 57-acre destination marina on Lake Simcoe with heated pool dog run fire pit and Volvo/Mercury certified technicians.
McGregor on the Water,false,Lake Couchiching,44.7465,-79.3425,3331 McClelland Road Washago ON L0K 2B0,705-689-9935,https://www.mcgregoronthewater.ca,Yes,Yes,Yes,,,Yes,Yes,Yes,,Yes,Yes,No,No,Yes,,Yes,,$,Full-service marina near Lock 42 on the Trent-Severn Waterway with ethanol-free gas Mercury certified techs and winter storage.
Lauderdale Point Marina & Resort,false,Sparrow Lake (Trent-Severn Waterway),44.7970,-79.3932,3500 Lauderdale Point Crescent Severn Bridge ON P0E 1N0,705-689-8282,https://www.lauderdalepointmarina.com,Yes,Yes,Yes,,,Yes,Yes,Yes,,Yes,Yes,,,,Yes,Yes,,Yes,$$,Full-service marina and resort on Sparrow Lake with boat rentals camping RV sites cottage rentals and a licensed restaurant.
